Metrics,Loss
ACC:0.7938 F1:0.7653 REC:0.7662 PRE:0.7645,0.5056315199895338
ACC:0.7446 F1:0.7059 REC:0.7058 PRE:0.7096,0.6163608187978918
ACC:0.6615 F1:0.5799 REC:0.5701 PRE:0.6309,0.73960987275297
ACC:0.8185 F1:0.7938 REC:0.7959 PRE:0.7918,0.9248426881703463
ACC:0.8123 F1:0.7907 REC:0.7982 PRE:0.7868,0.6777180514552377
