Metrics,Loss
ACC:0.7967 F1:0.7721 REC:0.7720 PRE:0.7732,0.5326530691236258
ACC:0.7207 F1:0.6749 REC:0.6686 PRE:0.6873,0.6739437188953161
ACC:0.6119 F1:0.5179 REC:0.5140 PRE:0.5996,0.8290710859000683
ACC:0.8234 F1:0.8004 REC:0.8084 PRE:0.7985,0.905062997713685
ACC:0.8152 F1:0.7952 REC:0.7968 PRE:0.7938,0.6798441167920828
ACC:0.8234 F1:0.8007 REC:0.7990 PRE:0.8036,0.5025845468044281
ACC:0.8214 F1:0.7984 REC:0.8001 PRE:0.7989,1.1094577154144645
ACC:0.8090 F1:0.7833 REC:0.7782 PRE:0.7897,1.083531193435192
ACC:0.8316 F1:0.8121 REC:0.8164 PRE:0.8102,0.6365334211732261
