Metrics,Loss
ACC:0.8215 F1:0.7996 REC:0.8057 PRE:0.7961,0.49481167847459967
ACC:0.8123 F1:0.7883 REC:0.7884 PRE:0.7892,0.8816655657508157
ACC:0.8154 F1:0.7963 REC:0.8060 PRE:0.7896,0.9540654578330842
ACC:0.7908 F1:0.7600 REC:0.7443 PRE:0.7958,0.6798150783235376
